Animal,Height (cm),Weight (kg),Lifespan (years),Diet,Habitat,Average Speed (km/h),Countries Found,Conservation Status,Gestation Period (days),Social Structure,Offspring per Birth,Country,At_Risk
Aardvark,117.5,52.5,25.0,Insectivore,"Savannas, Grasslands",40.0,Africa_full_region,Least Concern,225.0,Solitary,1.0,Africa,False
Aardwolf,45.0,11.0,11.0,Insectivore,"Grasslands, Savannas",27.0,Eastern and Southern Africa,Least Concern,90.0,Solitary,3.5,Kenya,False
Aardwolf,45.0,11.0,11.0,Insectivore,"Grasslands, Savannas",27.0,Eastern and Southern Africa,Least Concern,90.0,Solitary,3.5,Tanzania,False
Aardwolf,45.0,11.0,11.0,Insectivore,"Grasslands, Savannas",27.0,Eastern and Southern Africa,Least Concern,90.0,Solitary,3.5,Uganda,False
Aardwolf,45.0,11.0,11.0,Insectivore,"Grasslands, Savannas",27.0,Eastern and Southern Africa,Least Concern,90.0,Solitary,3.5,South Africa,False
Aardwolf,45.0,11.0,11.0,Insectivore,"Grasslands, Savannas",27.0,Eastern and Southern Africa,Least Concern,90.0,Solitary,3.5,Zimbabwe,False
Aardwolf,45.0,11.0,11.0,Insectivore,"Grasslands, Savannas",27.0,Eastern and Southern Africa,Least Concern,90.0,Solitary,3.5,Mozambique,False
Aardwolf,45.0,11.0,11.0,Insectivore,"Grasslands, Savannas",27.0,Eastern and Southern Africa,Least Concern,90.0,Solitary,3.5,Botswana,False
African Elephant,290.0,4350.0,65.0,Herbivore,"Savannah, Forest",25.0,Africa_full_region,Vulnerable,650.0,Herd-based,1.0,Africa,True
African Lion,95.0,185.0,12.0,Carnivore,"Grasslands, Savannas",58.0,Africa_full_region,Vulnerable,101.5,Group-based,3.0,Africa,True
African Wild Dog,77.5,27.0,11.0,Carnivore,Savannahs,56.0,Sub-Saharan Africa,Endangered,70.0,Group-based,11.0,Kenya,True
African Wild Dog,77.5,27.0,11.0,Carnivore,Savannahs,56.0,Sub-Saharan Africa,Endangered,70.0,Group-based,11.0,Uganda,True
African Wild Dog,77.5,27.0,11.0,Carnivore,Savannahs,56.0,Sub-Saharan Africa,Endangered,70.0,Group-based,11.0,Ethiopia,True
African Wild Dog,77.5,27.0,11.0,Carnivore,Savannahs,56.0,Sub-Saharan Africa,Endangered,70.0,Group-based,11.0,Nigeria,True
African Wild Dog,77.5,27.0,11.0,Carnivore,Savannahs,56.0,Sub-Saharan Africa,Endangered,70.0,Group-based,11.0,South Africa,True
African Wild Dog,77.5,27.0,11.0,Carnivore,Savannahs,56.0,Sub-Saharan Africa,Endangered,70.0,Group-based,11.0,Tanzania,True
African Wild Dog,77.5,27.0,11.0,Carnivore,Savannahs,56.0,Sub-Saharan Africa,Endangered,70.0,Group-based,11.0,Zambia,True
African Wild Dog,77.5,27.0,11.0,Carnivore,Savannahs,56.0,Sub-Saharan Africa,Endangered,70.0,Group-based,11.0,Rwanda,True
African Wild Dog,77.5,27.0,11.0,Carnivore,Savannahs,56.0,Sub-Saharan Africa,Endangered,70.0,Group-based,11.0,Malawi,True
African Wild Dog,77.5,27.0,11.0,Carnivore,Savannahs,56.0,Sub-Saharan Africa,Endangered,70.0,Group-based,11.0,Mozambique,True
Alpine Ibex,84.0,69.5,17.5,Herbivore,"Mountains, Alpine",60.0,European Alps,Least Concern,150.0,Group-based,1.0,,False
Amazon Rainforest Frog,7.5,,10.5,Insectivore,Amazon Rainforest,0.55,Amazon Rainforest,Not Evaluated,12.5,Solitary,,Brazil,False
Amazon Rainforest Frog,7.5,,10.5,Insectivore,Amazon Rainforest,0.55,Amazon Rainforest,Not Evaluated,12.5,Solitary,,Colombia,False
Amazon Rainforest Frog,7.5,,10.5,Insectivore,Amazon Rainforest,0.55,Amazon Rainforest,Not Evaluated,12.5,Solitary,,Peru,False
Amazon Rainforest Frog,7.5,,10.5,Insectivore,Amazon Rainforest,0.55,Amazon Rainforest,Not Evaluated,12.5,Solitary,,Ecuador,False
Amazon Rainforest Frog,7.5,,10.5,Insectivore,Amazon Rainforest,0.55,Amazon Rainforest,Not Evaluated,12.5,Solitary,,Bolivia,False
American Bison,169.0,,17.5,Herbivore,"Grasslands, Plains",48.0,North America,Near Threatened,280.0,Group-based,1.0,United States of America,False
American Bison,169.0,,17.5,Herbivore,"Grasslands, Plains",48.0,North America,Near Threatened,280.0,Group-based,1.0,Canada,False
American Bison,169.0,,17.5,Herbivore,"Grasslands, Plains",48.0,North America,Near Threatened,280.0,Group-based,1.0,Mexico,False
Anteater,71.5,31.5,17.5,Insectivore,"Grasslands, Forests",24.0,Central and South America,Least Concern,200.0,Solitary,1.0,Brazil,False
Anteater,71.5,31.5,17.5,Insectivore,"Grasslands, Forests",24.0,Central and South America,Least Concern,200.0,Solitary,1.0,Colombia,False
Anteater,71.5,31.5,17.5,Insectivore,"Grasslands, Forests",24.0,Central and South America,Least Concern,200.0,Solitary,1.0,Peru,False
Anteater,71.5,31.5,17.5,Insectivore,"Grasslands, Forests",24.0,Central and South America,Least Concern,200.0,Solitary,1.0,Ecuador,False
Anteater,71.5,31.5,17.5,Insectivore,"Grasslands, Forests",24.0,Central and South America,Least Concern,200.0,Solitary,1.0,Argentina,False
Anteater,71.5,31.5,17.5,Insectivore,"Grasslands, Forests",24.0,Central and South America,Least Concern,200.0,Solitary,1.0,Chile,False
Anteater,71.5,31.5,17.5,Insectivore,"Grasslands, Forests",24.0,Central and South America,Least Concern,200.0,Solitary,1.0,Venezuela,False
Anteater,71.5,31.5,17.5,Insectivore,"Grasslands, Forests",24.0,Central and South America,Least Concern,200.0,Solitary,1.0,Paraguay,False
Anteater,71.5,31.5,17.5,Insectivore,"Grasslands, Forests",24.0,Central and South America,Least Concern,200.0,Solitary,1.0,Bolivia,False
Arabian Horse,150.0,690.0,27.5,Herbivore,"Middle East, North Africa",65.0,"Middle East, North Africa",Not Applicable,336.0,Herd-based,1.0,,False
Arabian Oryx,80.0,77.5,15.0,Herbivore,Desert,55.0,Middle East,Vulnerable,225.0,Herd-based,1.0,Saudi Arabia,True
Arabian Oryx,80.0,77.5,15.0,Herbivore,Desert,55.0,Middle East,Vulnerable,225.0,Herd-based,1.0,United Arab Emirates,True
Arabian Oryx,80.0,77.5,15.0,Herbivore,Desert,55.0,Middle East,Vulnerable,225.0,Herd-based,1.0,Qatar,True
Arabian Oryx,80.0,77.5,15.0,Herbivore,Desert,55.0,Middle East,Vulnerable,225.0,Herd-based,1.0,Jordan,True
Arabian Oryx,80.0,77.5,15.0,Herbivore,Desert,55.0,Middle East,Vulnerable,225.0,Herd-based,1.0,Iraq,True
Arabian Oryx,80.0,77.5,15.0,Herbivore,Desert,55.0,Middle East,Vulnerable,225.0,Herd-based,1.0,Iran,True
Arabian Oryx,80.0,77.5,15.0,Herbivore,Desert,55.0,Middle East,Vulnerable,225.0,Herd-based,1.0,Syria,True
Arabian Oryx,80.0,77.5,15.0,Herbivore,Desert,55.0,Middle East,Vulnerable,225.0,Herd-based,1.0,Lebanon,True
Arabian Oryx,80.0,77.5,15.0,Herbivore,Desert,55.0,Middle East,Vulnerable,225.0,Herd-based,1.0,Israel,True
Arctic Fox,27.5,5.75,4.5,Omnivore,Tundra,60.0,Arctic regions,Least Concern,56.0,Solitary,7.5,Greenland,False
Arctic Fox,27.5,5.75,4.5,Omnivore,Tundra,60.0,Arctic regions,Least Concern,56.0,Solitary,7.5,Canada,False
Arctic Fox,27.5,5.75,4.5,Omnivore,Tundra,60.0,Arctic regions,Least Concern,56.0,Solitary,7.5,Norway,False
Arctic Fox,27.5,5.75,4.5,Omnivore,Tundra,60.0,Arctic regions,Least Concern,56.0,Solitary,7.5,Russia,False
Arowana,,,15.0,"Carnivore, Piscivore","Freshwater Rivers, Lakes",24.0,"South America, Asia",Not Evaluated,,Solitary,,,False
Asian Elephant,250.0,3500.0,70.0,Herbivore,"Grasslands, Forests",40.0,Asia (Southeast),Endangered,650.0,Herd-based,1.0,Indonesia,True
Asian Elephant,250.0,3500.0,70.0,Herbivore,"Grasslands, Forests",40.0,Asia (Southeast),Endangered,650.0,Herd-based,1.0,Thailand,True
Asian Elephant,250.0,3500.0,70.0,Herbivore,"Grasslands, Forests",40.0,Asia (Southeast),Endangered,650.0,Herd-based,1.0,Philippines,True
Asian Elephant,250.0,3500.0,70.0,Herbivore,"Grasslands, Forests",40.0,Asia (Southeast),Endangered,650.0,Herd-based,1.0,Vietnam,True
Asian Elephant,250.0,3500.0,70.0,Herbivore,"Grasslands, Forests",40.0,Asia (Southeast),Endangered,650.0,Herd-based,1.0,Malaysia,True
Atlantic Puffin,27.5,560.0,22.5,"Carnivore, Piscivore","North Atlantic, Arctic",40.0,"North Atlantic, Arctic",Vulnerable,40.0,Colony-based,1.0,Greenland,True
Atlantic Puffin,27.5,560.0,22.5,"Carnivore, Piscivore","North Atlantic, Arctic",40.0,"North Atlantic, Arctic",Vulnerable,40.0,Colony-based,1.0,Iceland,True
Atlantic Puffin,27.5,560.0,22.5,"Carnivore, Piscivore","North Atlantic, Arctic",40.0,"North Atlantic, Arctic",Vulnerable,40.0,Colony-based,1.0,Canada,True
Atlantic Spotted Dolphin,225.0,130.0,22.5,Carnivore,"Oceans, Coastal Areas",52.0,Worldwide,Least Concern,370.0,Group-based,1.0,Global,False
Australian Fur Seal,136.0,29.0,15.5,Carnivore,Coastal Waters,32.0,"Australia, New Zealand",Least Concern,325.0,Group-based,1.0,Australia,False
Australian Fur Seal,136.0,29.0,15.5,Carnivore,Coastal Waters,32.0,"Australia, New Zealand",Least Concern,325.0,Group-based,1.0,New Zealand,False
Axolotl,,,12.5,Carnivore,"Lakes, Canals",0.8,Mexico,Critically Endangered,17.5,Solitary,200.0,,True
Aye-Aye,36.0,2.45,21.5,"Omnivore, Insectivore",Rainforests,32.0,Madagascar,Endangered,165.0,Solitary,1.0,,True
Baird's Tapir,91.5,275.0,27.5,Herbivore,"Rainforests, Grasslands",48.0,Central and South America,Endangered,392.5,Solitary,1.0,Brazil,True
Baird's Tapir,91.5,275.0,27.5,Herbivore,"Rainforests, Grasslands",48.0,Central and South America,Endangered,392.5,Solitary,1.0,Colombia,True
Baird's Tapir,91.5,275.0,27.5,Herbivore,"Rainforests, Grasslands",48.0,Central and South America,Endangered,392.5,Solitary,1.0,Peru,True
Baird's Tapir,91.5,275.0,27.5,Herbivore,"Rainforests, Grasslands",48.0,Central and South America,Endangered,392.5,Solitary,1.0,Ecuador,True
Baird's Tapir,91.5,275.0,27.5,Herbivore,"Rainforests, Grasslands",48.0,Central and South America,Endangered,392.5,Solitary,1.0,Argentina,True
Baird's Tapir,91.5,275.0,27.5,Herbivore,"Rainforests, Grasslands",48.0,Central and South America,Endangered,392.5,Solitary,1.0,Chile,True
Baird's Tapir,91.5,275.0,27.5,Herbivore,"Rainforests, Grasslands",48.0,Central and South America,Endangered,392.5,Solitary,1.0,Venezuela,True
Baird's Tapir,91.5,275.0,27.5,Herbivore,"Rainforests, Grasslands",48.0,Central and South America,Endangered,392.5,Solitary,1.0,Paraguay,True
Baird's Tapir,91.5,275.0,27.5,Herbivore,"Rainforests, Grasslands",48.0,Central and South America,Endangered,392.5,Solitary,1.0,Bolivia,True
Bald Eagle,86.0,4.5,25.0,Carnivore,"Forests, Lakes, Coasts",120.0,North America,Least Concern,35.0,Solitary,2.0,United States of America,False
Bald Eagle,86.0,4.5,25.0,Carnivore,"Forests, Lakes, Coasts",120.0,North America,Least Concern,35.0,Solitary,2.0,Canada,False
Bald Eagle,86.0,4.5,25.0,Carnivore,"Forests, Lakes, Coasts",120.0,North America,Least Concern,35.0,Solitary,2.0,Mexico,False
Banded Palm Civet,56.0,3.5,8.5,Omnivore,Forests,16.0,"Southeast Asia, South Asia",Least Concern,62.0,Solitary,3.5,,False
Barbary Macaque,,9.0,,"Herbivore, Omnivore","Forests, Mountains",30.0,"Gibraltar, North Africa, Middle East",Endangered,182.5,Group-based,1.0,,True
Basking Shark,,550.0,22.5,Carnivore,Oceans,21.0,Worldwide,Vulnerable,,Solitary,3.0,Global,True
Bearded Dragon,,,10.5,Omnivore,"Deserts, Woodlands",52.0,Australia,Not Evaluated,55.0,Solitary,,,False
Bengal Fox,37.5,3.25,7.0,Omnivore,Grasslands,40.0,"India, Nepal, Bhutan",Least Concern,55.0,Solitary,3.5,,False
Bengal Tiger,100.0,240.0,12.5,Carnivore,"Grasslands, Mangroves",65.0,"India, Bangladesh, Nepal",Endangered,105.0,Solitary,3.0,,True
Black Rhinoceros,156.0,,42.5,Herbivore,"Grasslands, Forests",56.0,Eastern and Southern Africa,Critically Endangered,465.0,Solitary,1.0,Kenya,True
Black Rhinoceros,156.0,,42.5,Herbivore,"Grasslands, Forests",56.0,Eastern and Southern Africa,Critically Endangered,465.0,Solitary,1.0,Tanzania,True
Black Rhinoceros,156.0,,42.5,Herbivore,"Grasslands, Forests",56.0,Eastern and Southern Africa,Critically Endangered,465.0,Solitary,1.0,Uganda,True
Black Rhinoceros,156.0,,42.5,Herbivore,"Grasslands, Forests",56.0,Eastern and Southern Africa,Critically Endangered,465.0,Solitary,1.0,South Africa,True
Black Rhinoceros,156.0,,42.5,Herbivore,"Grasslands, Forests",56.0,Eastern and Southern Africa,Critically Endangered,465.0,Solitary,1.0,Zimbabwe,True
Black Rhinoceros,156.0,,42.5,Herbivore,"Grasslands, Forests",56.0,Eastern and Southern Africa,Critically Endangered,465.0,Solitary,1.0,Mozambique,True
Black Rhinoceros,156.0,,42.5,Herbivore,"Grasslands, Forests",56.0,Eastern and Southern Africa,Critically Endangered,465.0,Solitary,1.0,Botswana,True
Blobfish,,,,Carnivore,Deep-sea,,"Australia, New Zealand, Tasmania",Vulnerable,,Solitary,,Australia,True
Blobfish,,,,Carnivore,Deep-sea,,"Australia, New Zealand, Tasmania",Vulnerable,,Solitary,,New Zealand,True
Blobfish,,,,Carnivore,Deep-sea,,Deep-sea regions,Vulnerable,,Solitary,,,True
Blue Jay,26.0,0.095,10.5,Omnivore,"Forests, Urban Areas",32.0,North America,Least Concern,17.5,Flocks,4.0,United States of America,False
Blue Jay,26.0,0.095,10.5,Omnivore,"Forests, Urban Areas",32.0,North America,Least Concern,17.5,Flocks,4.0,Canada,False
Blue Jay,26.0,0.095,10.5,Omnivore,"Forests, Urban Areas",32.0,North America,Least Concern,17.5,Flocks,4.0,Mexico,False
Blue Morpho Butterfly,,,,Herbivore,Rainforests,,Central and South America,Not Evaluated,,Solitary,,Brazil,False
Blue Morpho Butterfly,,,,Herbivore,Rainforests,,Central and South America,Not Evaluated,,Solitary,,Colombia,False
Blue Morpho Butterfly,,,,Herbivore,Rainforests,,Central and South America,Not Evaluated,,Solitary,,Peru,False
Blue Morpho Butterfly,,,,Herbivore,Rainforests,,Central and South America,Not Evaluated,,Solitary,,Ecuador,False
Blue Morpho Butterfly,,,,Herbivore,Rainforests,,Central and South America,Not Evaluated,,Solitary,,Argentina,False
Blue Morpho Butterfly,,,,Herbivore,Rainforests,,Central and South America,Not Evaluated,,Solitary,,Chile,False
Blue Morpho Butterfly,,,,Herbivore,Rainforests,,Central and South America,Not Evaluated,,Solitary,,Venezuela,False
Blue Morpho Butterfly,,,,Herbivore,Rainforests,,Central and South America,Not Evaluated,,Solitary,,Paraguay,False
Blue Morpho Butterfly,,,,Herbivore,Rainforests,,Central and South America,Not Evaluated,,Solitary,,Bolivia,False
Blue Whale,,,80.0,Filter Feeder,Oceans,40.0,Oceans worldwide,Endangered,,Solitary,1.0,Global,True
Blue-Footed Booby,83.0,2.25,14.5,Piscivore,Coastal Areas,30.0,Eastern Pacific (GalÃ¡pagos Islands),Least Concern,43.0,Group-based,1.0,,False
Blue-Ringed Octopus,,,,Carnivore,"Coral Reefs, Tide Pools",,Indo-Pacific region,Near Threatened,60.0,Solitary,,Indonesia,False
Blue-Ringed Octopus,,,,Carnivore,"Coral Reefs, Tide Pools",,Indo-Pacific region,Near Threatened,60.0,Solitary,,Philippines,False
Blue-Ringed Octopus,,,,Carnivore,"Coral Reefs, Tide Pools",,Indo-Pacific region,Near Threatened,60.0,Solitary,,Australia,False
Blue-Ringed Octopus,,,,Carnivore,"Coral Reefs, Tide Pools",,Indo-Pacific region,Near Threatened,60.0,Solitary,,Malaysia,False
Bonobo,,35.0,50.0,Omnivore,Rainforests,50.0,Democratic Republic of Congo,Endangered,225.0,Social groups,1.0,,True
Bornean Orangutan,123.0,56.0,40.0,Omnivore,Rainforests,52.0,Borneo,Critically Endangered,250.0,Solitary,1.0,,True
Bottlenose Dolphin,300.0,400.0,35.0,Carnivore,Oceans,37.0,Oceans worldwide,Least Concern,,Social pods,1.0,Global,False
Boxer Dog,58.0,28.5,11.0,Omnivore,Human Dwellings,64.0,Worldwide,Not Applicable,63.0,Social groups,5.5,Global,False
Brazilian Wandering Spider,,,1.5,Carnivore,Forests,,South and Central America,Not Evaluated,28.0,Solitary,,Brazil,False
Brazilian Wandering Spider,,,1.5,Carnivore,Forests,,South and Central America,Not Evaluated,28.0,Solitary,,Colombia,False
Brazilian Wandering Spider,,,1.5,Carnivore,Forests,,South and Central America,Not Evaluated,28.0,Solitary,,Peru,False
Brazilian Wandering Spider,,,1.5,Carnivore,Forests,,South and Central America,Not Evaluated,28.0,Solitary,,Panama,False
Brazilian Wandering Spider,,,1.5,Carnivore,Forests,,South and Central America,Not Evaluated,28.0,Solitary,,Costa Rica,False
Brown Bear,95.0,425.0,25.0,Omnivore,"Forests, Mountains",48.0,"North America, Europe, Asia",Least Concern,215.0,Solitary,2.5,,False
Burmese Python,,,22.5,Carnivore,"Grasslands, Forests",2.0,"Southeast Asia, South Asia, Indonesia",Least Concern,94.0,Solitary,55.0,,False
Capybara,56.0,50.5,9.0,Herbivore,"Grasslands, Swamps",32.5,South America,Least Concern,150.0,Group-based,5.0,Brazil,False
Capybara,56.0,50.5,9.0,Herbivore,"Grasslands, Swamps",32.5,South America,Least Concern,150.0,Group-based,5.0,Argentina,False
Capybara,56.0,50.5,9.0,Herbivore,"Grasslands, Swamps",32.5,South America,Least Concern,150.0,Group-based,5.0,Peru,False
Capybara,56.0,50.5,9.0,Herbivore,"Grasslands, Swamps",32.5,South America,Least Concern,150.0,Group-based,5.0,Colombia,False
Capybara,56.0,50.5,9.0,Herbivore,"Grasslands, Swamps",32.5,South America,Least Concern,150.0,Group-based,5.0,Chile,False
Capybara,56.0,50.5,9.0,Herbivore,"Grasslands, Swamps",32.5,South America,Least Concern,150.0,Group-based,5.0,Ecuador,False
Capybara,56.0,50.5,9.0,Herbivore,"Grasslands, Swamps",32.5,South America,Least Concern,150.0,Group-based,5.0,Venezuela,False
Capybara,56.0,50.5,9.0,Herbivore,"Grasslands, Swamps",32.5,South America,Least Concern,150.0,Group-based,5.0,Paraguay,False
Capybara,56.0,50.5,9.0,Herbivore,"Grasslands, Swamps",32.5,South America,Least Concern,150.0,Group-based,5.0,Bolivia,False
Cheetah,80.0,46.0,11.0,Carnivore,"Grasslands, Savannas",112.0,"Africa, Iran, India",Vulnerable,94.0,Solitary,4.0,,True
Chimpanzee,,48.0,45.0,Omnivore,"Rainforests, Grasslands",40.0,Central and West Africa,Endangered,235.0,Social groups,1.0,Nigeria,True
Chimpanzee,,48.0,45.0,Omnivore,"Rainforests, Grasslands",40.0,Central and West Africa,Endangered,235.0,Social groups,1.0,Ghana,True
Chimpanzee,,48.0,45.0,Omnivore,"Rainforests, Grasslands",40.0,Central and West Africa,Endangered,235.0,Social groups,1.0,Cameroon,True
Chimpanzee,,48.0,45.0,Omnivore,"Rainforests, Grasslands",40.0,Central and West Africa,Endangered,235.0,Social groups,1.0,Ivory Coast,True
Chimpanzee,,48.0,45.0,Omnivore,"Rainforests, Grasslands",40.0,Central and West Africa,Endangered,235.0,Social groups,1.0,Senegal,True
Chimpanzee,,48.0,45.0,Omnivore,"Rainforests, Grasslands",40.0,Central and West Africa,Endangered,235.0,Social groups,1.0,Chad,True
Chimpanzee,,48.0,45.0,Omnivore,"Rainforests, Grasslands",40.0,Central and West Africa,Endangered,235.0,Social groups,1.0,Benin,True
Chimpanzee,,48.0,45.0,Omnivore,"Rainforests, Grasslands",40.0,Central and West Africa,Endangered,235.0,Social groups,1.0,Togo,True
Chinese Giant Salamander,,,,Carnivore,Freshwater,,China,Critically Endangered,55.0,Solitary,,,True
Clownfish,8.5,175.0,8.0,Omnivore,Coral Reefs,8.0,"Indian, Pacific Oceans",Not Evaluated,8.0,Group-based,,Indonesia,False
Clownfish,8.5,175.0,8.0,Omnivore,Coral Reefs,8.0,"Indian, Pacific Oceans",Not Evaluated,8.0,Group-based,,Malaysia,False
Clownfish,8.5,175.0,8.0,Omnivore,Coral Reefs,8.0,"Indian, Pacific Oceans",Not Evaluated,8.0,Group-based,,Philippines,False
Clownfish,8.5,175.0,8.0,Omnivore,Coral Reefs,8.0,"Indian, Pacific Oceans",Not Evaluated,8.0,Group-based,,Fiji,False
Clownfish,8.5,175.0,8.0,Omnivore,Coral Reefs,8.0,"Indian, Pacific Oceans",Not Evaluated,8.0,Group-based,,Papua New Guinea,False
Coelacanth,,,,Carnivore,"Deep-sea, Caves",1.6,Western Indian Ocean,Not Evaluated,,Solitary,,Seychelles,False
Coelacanth,,,,Carnivore,"Deep-sea, Caves",1.6,Western Indian Ocean,Not Evaluated,,Solitary,,Comoros,False
Coelacanth,,,,Carnivore,"Deep-sea, Caves",1.6,Western Indian Ocean,Not Evaluated,,Solitary,,Madagascar,False
Coelacanth,,,,Carnivore,"Deep-sea, Caves",1.6,Western Indian Ocean,Not Evaluated,,Solitary,,Mauritius,False
Common Dolphin,225.0,117.5,22.5,Carnivore,"Oceans, Coastal Areas",60.0,Worldwide,Least Concern,370.0,Group-based,1.0,Global,False
Common Snapping Turtle,28.0,10.25,40.0,Omnivore,Freshwater,,North America,Least Concern,60.0,Solitary,25.0,United States of America,False
Common Snapping Turtle,28.0,10.25,40.0,Omnivore,Freshwater,,North America,Least Concern,60.0,Solitary,25.0,Canada,False
Common Snapping Turtle,28.0,10.25,40.0,Omnivore,Freshwater,,North America,Least Concern,60.0,Solitary,25.0,Mexico,False
Coquerel's Sifaka,45.0,4.5,16.5,Herbivore,"Rainforests, Madagascar",37.5,Madagascar,Endangered,150.0,Group-based,1.0,,True
Dalmatian Dog,55.5,27.5,11.5,Omnivore,Worldwide,42.5,Worldwide,Not Applicable,63.0,Pack-based,7.5,Global,False
Dhole,52.5,16.5,12.5,Carnivore,"Forests, Grasslands",56.0,Asia,Endangered,61.5,Pack-based,6.0,China,True
Dhole,52.5,16.5,12.5,Carnivore,"Forests, Grasslands",56.0,Asia,Endangered,61.5,Pack-based,6.0,India,True
Dhole,52.5,16.5,12.5,Carnivore,"Forests, Grasslands",56.0,Asia,Endangered,61.5,Pack-based,6.0,Japan,True
Dhole,52.5,16.5,12.5,Carnivore,"Forests, Grasslands",56.0,Asia,Endangered,61.5,Pack-based,6.0,South Korea,True
Dhole,52.5,16.5,12.5,Carnivore,"Forests, Grasslands",56.0,Asia,Endangered,61.5,Pack-based,6.0,Vietnam,True
Dhole,52.5,16.5,12.5,Carnivore,"Forests, Grasslands",56.0,Asia,Endangered,61.5,Pack-based,6.0,Pakistan,True
Dhole,52.5,16.5,12.5,Carnivore,"Forests, Grasslands",56.0,Asia,Endangered,61.5,Pack-based,6.0,Bangladesh,True
Dhole,52.5,16.5,12.5,Carnivore,"Forests, Grasslands",56.0,Asia,Endangered,61.5,Pack-based,6.0,Nepal,True
Dingo,53.0,16.5,12.5,Carnivore,"Grasslands, Forests",56.0,Australia,Least Concern,63.0,Group-based,5.5,,False
Dugong,,,75.0,Herbivore,"Coastal Waters, Seagrass",12.5,"Indian Ocean, Western Pacific",Vulnerable,,Solitary,1.0,Indonesia,True
Dugong,,,75.0,Herbivore,"Coastal Waters, Seagrass",12.5,"Indian Ocean, Western Pacific",Vulnerable,,Solitary,1.0,Malaysia,True
Dugong,,,75.0,Herbivore,"Coastal Waters, Seagrass",12.5,"Indian Ocean, Western Pacific",Vulnerable,,Solitary,1.0,Australia,True
Dugong,,,75.0,Herbivore,"Coastal Waters, Seagrass",12.5,"Indian Ocean, Western Pacific",Vulnerable,,Solitary,1.0,Papua New Guinea,True
Eastern Gorilla,164.0,138.5,45.0,Herbivore,Rainforests,40.0,Democratic Republic of Congo,Endangered,262.5,Social groups,1.0,,True
Echidna,37.5,4.5,17.5,Insectivore,"Forests, Grasslands",36.0,"Australia, New Guinea",Least Concern,25.0,Solitary,1.0,Australia,False
Echidna,37.5,4.5,17.5,Insectivore,"Forests, Grasslands",36.0,"Australia, New Guinea",Least Concern,25.0,Solitary,1.0,Papua New Guinea,False
Electric Eel,,,12.5,Carnivore,Amazon Basin,,Amazon Basin,Least Concern,,Solitary,,,False
Emperor Penguin,100.0,33.5,17.5,Carnivore,Antarctic,2.25,Antarctica,Near Threatened,64.0,Colony-based,1.0,French Southern and Antarctic Lands (Fr.),False
Emperor Tamarin,24.5,350.0,12.5,Omnivore,Rainforests,32.0,Amazon Rainforest,Least Concern,142.5,Group-based,1.5,Brazil,False
Emperor Tamarin,24.5,350.0,12.5,Omnivore,Rainforests,32.0,Amazon Rainforest,Least Concern,142.5,Group-based,1.5,Colombia,False
Emperor Tamarin,24.5,350.0,12.5,Omnivore,Rainforests,32.0,Amazon Rainforest,Least Concern,142.5,Group-based,1.5,Peru,False
Emperor Tamarin,24.5,350.0,12.5,Omnivore,Rainforests,32.0,Amazon Rainforest,Least Concern,142.5,Group-based,1.5,Ecuador,False
Emperor Tamarin,24.5,350.0,12.5,Omnivore,Rainforests,32.0,Amazon Rainforest,Least Concern,142.5,Group-based,1.5,Bolivia,False
European Hedgehog,22.0,0.8999999999999999,3.5,Omnivore,"Gardens, Grasslands",5.0,"Europe, Asia",Least Concern,35.0,Solitary,5.0,,False
Fennec Fox,30.0,1.2000000000000002,12.0,Omnivore,Sahara Desert,32.0,North Africa,Least Concern,51.0,Solitary,3.5,Egypt,False
Fennec Fox,30.0,1.2000000000000002,12.0,Omnivore,Sahara Desert,32.0,North Africa,Least Concern,51.0,Solitary,3.5,Morocco,False
Fennec Fox,30.0,1.2000000000000002,12.0,Omnivore,Sahara Desert,32.0,North Africa,Least Concern,51.0,Solitary,3.5,Algeria,False
Fennec Fox,30.0,1.2000000000000002,12.0,Omnivore,Sahara Desert,32.0,North Africa,Least Concern,51.0,Solitary,3.5,Tunisia,False
Fennec Fox,30.0,1.2000000000000002,12.0,Omnivore,Sahara Desert,32.0,North Africa,Least Concern,51.0,Solitary,3.5,Libya,False
Fire Salamander,20.0,,12.5,Carnivore,"Forests, Caves",0.8,Europe,Near Threatened,45.0,Solitary,35.0,France,False
Fire Salamander,20.0,,12.5,Carnivore,"Forests, Caves",0.8,Europe,Near Threatened,45.0,Solitary,35.0,Germany,False
Fire Salamander,20.0,,12.5,Carnivore,"Forests, Caves",0.8,Europe,Near Threatened,45.0,Solitary,35.0,Spain,False
Fire Salamander,20.0,,12.5,Carnivore,"Forests, Caves",0.8,Europe,Near Threatened,45.0,Solitary,35.0,Italy,False
Fire Salamander,20.0,,12.5,Carnivore,"Forests, Caves",0.8,Europe,Near Threatened,45.0,Solitary,35.0,Sweden,False
Fire Salamander,20.0,,12.5,Carnivore,"Forests, Caves",0.8,Europe,Near Threatened,45.0,Solitary,35.0,Norway,False
Fire Salamander,20.0,,12.5,Carnivore,"Forests, Caves",0.8,Europe,Near Threatened,45.0,Solitary,35.0,Poland,False
Fire Salamander,20.0,,12.5,Carnivore,"Forests, Caves",0.8,Europe,Near Threatened,45.0,Solitary,35.0,Denmark,False
Fire Salamander,20.0,,12.5,Carnivore,"Forests, Caves",0.8,Europe,Near Threatened,45.0,Solitary,35.0,Portugal,False
Fire Salamander,20.0,,12.5,Carnivore,"Forests, Caves",0.8,Europe,Near Threatened,45.0,Solitary,35.0,Netherlands,False
Fire Salamander,20.0,,12.5,Carnivore,"Forests, Caves",0.8,Europe,Near Threatened,45.0,Solitary,35.0,Finland,False
Fire Salamander,20.0,,12.5,Carnivore,"Forests, Caves",0.8,Europe,Near Threatened,45.0,Solitary,35.0,Romania,False
Fire Salamander,20.0,,12.5,Carnivore,"Forests, Caves",0.8,Europe,Near Threatened,45.0,Solitary,35.0,Belgium,False
Flying Fox,,,19.0,Herbivore,Forests,45.0,"Asia, Australia",Least Concern,145.0,Group-based,1.0,,False
Fossa,80.0,6.5,17.5,Carnivore,"Rainforests, Madagascar",46.5,Madagascar,Vulnerable,90.0,Solitary,3.0,,True
Frilled Lizard,,,12.5,"Insectivore, Herbivore",Northern Australia,29.0,Northern Australia,Least Concern,46.0,Solitary,15.5,,False
GalÃ¡pagos Penguin,51.0,2.0,,Carnivore,Coastal Areas,29.5,GalÃ¡pagos Islands,Endangered,40.0,Solitary,1.0,,True
Galápagos Penguin,50.5,2.15,17.5,"Carnivore, Piscivore",Galápagos Islands,6.5,Galápagos Islands,Endangered,39.0,Colony-based,1.0,Ecuador,True
Galápagos Tortoise,,,125.0,Herbivore,Galápagos Islands,0.4,Galápagos Islands,Vulnerable,135.0,Solitary,,Ecuador,True
Galliformes,,,,Omnivore,Varies,,Worldwide,Varies,,Varies,,Global,False
Gaur,240.0,950.0,22.5,Herbivore,"Grasslands, Forests",35.0,"Southeast Asia, South Asia",Vulnerable,277.5,Herd-based,1.0,,True
Gerenuk,92.5,40.0,9.0,Herbivore,"Savannas, Scrublands",55.0,"Eastern Africa, Horn of Africa",Near Threatened,192.5,Solitary,1.0,,False
Gharial,,,50.0,Carnivore,"Rivers, Lakes",32.0,Indian subcontinent,Critically Endangered,108.5,Solitary,57.5,India,True
Gharial,,,50.0,Carnivore,"Rivers, Lakes",32.0,Indian subcontinent,Critically Endangered,108.5,Solitary,57.5,Pakistan,True
Gharial,,,50.0,Carnivore,"Rivers, Lakes",32.0,Indian subcontinent,Critically Endangered,108.5,Solitary,57.5,Bangladesh,True
Gharial,,,50.0,Carnivore,"Rivers, Lakes",32.0,Indian subcontinent,Critically Endangered,108.5,Solitary,57.5,Sri Lanka,True
Gharial,,,50.0,Carnivore,"Rivers, Lakes",32.0,Indian subcontinent,Critically Endangered,108.5,Solitary,57.5,Nepal,True
Gharial,,,50.0,Carnivore,"Rivers, Lakes",32.0,Indian subcontinent,Critically Endangered,108.5,Solitary,57.5,Bhutan,True
Giant Pacific Octopus,,,4.0,Carnivore,Ocean Floor,24.0,Pacific Ocean,Data Deficient,60.0,Solitary,,Fiji,False
Giant Pacific Octopus,,,4.0,Carnivore,Ocean Floor,24.0,Pacific Ocean,Data Deficient,60.0,Solitary,,Vanuatu,False
Giant Pacific Octopus,,,4.0,Carnivore,Ocean Floor,24.0,Pacific Ocean,Data Deficient,60.0,Solitary,,Tonga,False
Giant Pacific Octopus,,,4.0,Carnivore,Ocean Floor,24.0,Pacific Ocean,Data Deficient,60.0,Solitary,,Micronesia,False
Giant Pacific Octopus,,,4.0,Carnivore,Ocean Floor,24.0,Pacific Ocean,Data Deficient,60.0,Solitary,,Marshall Islands,False
Giant Panda,80.0,97.5,25.0,Herbivore,Temperate Broadleaf Forests,32.0,China,Endangered,127.5,Solitary,1.0,,True
Gila Monster,,,,Carnivore,"Deserts, Scrubland",1.5,"Southwestern United States, Mexico",Least Concern,135.0,Solitary,,,False
Glass Frog,4.95,,,Insectivore,Rainforests,0.8,Central and South America,Least Concern,15.0,Solitary,,Brazil,False
Glass Frog,4.95,,,Insectivore,Rainforests,0.8,Central and South America,Least Concern,15.0,Solitary,,Colombia,False
Glass Frog,4.95,,,Insectivore,Rainforests,0.8,Central and South America,Least Concern,15.0,Solitary,,Peru,False
Glass Frog,4.95,,,Insectivore,Rainforests,0.8,Central and South America,Least Concern,15.0,Solitary,,Ecuador,False
Glass Frog,4.95,,,Insectivore,Rainforests,0.8,Central and South America,Least Concern,15.0,Solitary,,Argentina,False
Glass Frog,4.95,,,Insectivore,Rainforests,0.8,Central and South America,Least Concern,15.0,Solitary,,Chile,False
Glass Frog,4.95,,,Insectivore,Rainforests,0.8,Central and South America,Least Concern,15.0,Solitary,,Venezuela,False
Glass Frog,4.95,,,Insectivore,Rainforests,0.8,Central and South America,Least Concern,15.0,Solitary,,Paraguay,False
Glass Frog,4.95,,,Insectivore,Rainforests,0.8,Central and South America,Least Concern,15.0,Solitary,,Bolivia,False
Goblin Shark,,,32.5,Carnivore,Deep-sea,2.3,Worldwide,Data Deficient,,Solitary,,Global,False
Goblin Shark,,,32.5,Carnivore,Deep-sea,,Worldwide,Data Deficient,,Solitary,,Global,False
Golden Lion Tamarin,,,12.5,Omnivore,Tropical Rainforests,10.5,"Brazil, Southeastern Bahia",Endangered,127.5,Social groups,2.0,,True
Golden Poison Dart Frog,4.5,,13.5,Insectivore,Rainforests,0.3,Western Colombia,Near Threatened,14.0,Solitary,,,False
Great White Shark,,,35.0,Carnivore,Oceans,56.0,Oceans worldwide,Vulnerable,,Solitary,8.0,Global,True
Great White Shark,,,70.0,Carnivore,Oceans,56.0,Worldwide,Vulnerable,15.0,Solitary,9.5,Global,True
Green Anaconda,,,12.5,Carnivore,"Swamps, Marshes",20.0,South America,Least Concern,155.0,Solitary,,Brazil,False
Green Anaconda,,,12.5,Carnivore,"Swamps, Marshes",20.0,South America,Least Concern,155.0,Solitary,,Argentina,False
Green Anaconda,,,12.5,Carnivore,"Swamps, Marshes",20.0,South America,Least Concern,155.0,Solitary,,Peru,False
Green Anaconda,,,12.5,Carnivore,"Swamps, Marshes",20.0,South America,Least Concern,155.0,Solitary,,Colombia,False
Green Anaconda,,,12.5,Carnivore,"Swamps, Marshes",20.0,South America,Least Concern,155.0,Solitary,,Chile,False
Green Anaconda,,,12.5,Carnivore,"Swamps, Marshes",20.0,South America,Least Concern,155.0,Solitary,,Ecuador,False
Green Anaconda,,,12.5,Carnivore,"Swamps, Marshes",20.0,South America,Least Concern,155.0,Solitary,,Venezuela,False
Green Anaconda,,,12.5,Carnivore,"Swamps, Marshes",20.0,South America,Least Concern,155.0,Solitary,,Paraguay,False
Green Anaconda,,,12.5,Carnivore,"Swamps, Marshes",20.0,South America,Least Concern,155.0,Solitary,,Bolivia,False
Green Sea Turtle,,,90.0,Herbivore,"Oceans, Coastal Areas",2.4000000000000004,Oceans worldwide,Endangered,57.5,Solitary,,Global,True
Green Sea Turtle,95.0,129.0,80.0,Herbivore,Oceans,35.0,Worldwide,Endangered,60.0,Solitary,,Global,True
Grevy's Zebra,145.0,400.0,25.0,Herbivore,Grasslands,64.0,Eastern Africa,Endangered,393.0,Herd-based,1.0,Kenya,True
Grevy's Zebra,145.0,400.0,25.0,Herbivore,Grasslands,64.0,Eastern Africa,Endangered,393.0,Herd-based,1.0,Ethiopia,True
Grevy's Zebra,145.0,400.0,25.0,Herbivore,Grasslands,64.0,Eastern Africa,Endangered,393.0,Herd-based,1.0,Tanzania,True
Grevy's Zebra,145.0,400.0,25.0,Herbivore,Grasslands,64.0,Eastern Africa,Endangered,393.0,Herd-based,1.0,Somalia,True
Grevy's Zebra,145.0,400.0,25.0,Herbivore,Grasslands,64.0,Eastern Africa,Endangered,393.0,Herd-based,1.0,Rwanda,True
Hagfish,,,,Scavenger,"Ocean Floor, Deep-sea",0.8,Oceans worldwide,Least Concern,,Solitary,,Global,False
Hagfish,,,,Carnivore,Deep-sea,,Worldwide,Data Deficient,,Solitary,,Global,False
Harp Seal,,,27.5,Carnivore,"Arctic, Atlantic Ocean",20.5,"Arctic, Atlantic Ocean",Least Concern,335.0,Group-based,1.0,,False
Harpy Eagle,96.5,6.75,30.0,Carnivore,Rainforests,50.0,Central and South America,Near Threatened,57.0,Solitary,1.0,Brazil,False
Harpy Eagle,96.5,6.75,30.0,Carnivore,Rainforests,50.0,Central and South America,Near Threatened,57.0,Solitary,1.0,Colombia,False
Harpy Eagle,96.5,6.75,30.0,Carnivore,Rainforests,50.0,Central and South America,Near Threatened,57.0,Solitary,1.0,Peru,False
Harpy Eagle,96.5,6.75,30.0,Carnivore,Rainforests,50.0,Central and South America,Near Threatened,57.0,Solitary,1.0,Ecuador,False
Harpy Eagle,96.5,6.75,30.0,Carnivore,Rainforests,50.0,Central and South America,Near Threatened,57.0,Solitary,1.0,Argentina,False
Harpy Eagle,96.5,6.75,30.0,Carnivore,Rainforests,50.0,Central and South America,Near Threatened,57.0,Solitary,1.0,Chile,False
Harpy Eagle,96.5,6.75,30.0,Carnivore,Rainforests,50.0,Central and South America,Near Threatened,57.0,Solitary,1.0,Venezuela,False
Harpy Eagle,96.5,6.75,30.0,Carnivore,Rainforests,50.0,Central and South America,Near Threatened,57.0,Solitary,1.0,Paraguay,False
Harpy Eagle,96.5,6.75,30.0,Carnivore,Rainforests,50.0,Central and South America,Near Threatened,57.0,Solitary,1.0,Bolivia,False
Hippopotamus,140.0,2250.0,45.0,Herbivore,"Rivers, Lakes",25.0,Sub-Saharan Africa,Vulnerable,240.0,Group-based,1.0,Kenya,True
Hippopotamus,140.0,2250.0,45.0,Herbivore,"Rivers, Lakes",25.0,Sub-Saharan Africa,Vulnerable,240.0,Group-based,1.0,Uganda,True
Hippopotamus,140.0,2250.0,45.0,Herbivore,"Rivers, Lakes",25.0,Sub-Saharan Africa,Vulnerable,240.0,Group-based,1.0,Ethiopia,True
Hippopotamus,140.0,2250.0,45.0,Herbivore,"Rivers, Lakes",25.0,Sub-Saharan Africa,Vulnerable,240.0,Group-based,1.0,Nigeria,True
Hippopotamus,140.0,2250.0,45.0,Herbivore,"Rivers, Lakes",25.0,Sub-Saharan Africa,Vulnerable,240.0,Group-based,1.0,South Africa,True
Hippopotamus,140.0,2250.0,45.0,Herbivore,"Rivers, Lakes",25.0,Sub-Saharan Africa,Vulnerable,240.0,Group-based,1.0,Tanzania,True
Hippopotamus,140.0,2250.0,45.0,Herbivore,"Rivers, Lakes",25.0,Sub-Saharan Africa,Vulnerable,240.0,Group-based,1.0,Zambia,True
Hippopotamus,140.0,2250.0,45.0,Herbivore,"Rivers, Lakes",25.0,Sub-Saharan Africa,Vulnerable,240.0,Group-based,1.0,Rwanda,True
Hippopotamus,140.0,2250.0,45.0,Herbivore,"Rivers, Lakes",25.0,Sub-Saharan Africa,Vulnerable,240.0,Group-based,1.0,Malawi,True
Hippopotamus,140.0,2250.0,45.0,Herbivore,"Rivers, Lakes",25.0,Sub-Saharan Africa,Vulnerable,240.0,Group-based,1.0,Mozambique,True
Horseshoe Crab,,,,"Carnivore, Scavenger","Ocean Floor, Coastal Areas",1.2000000000000002,"Atlantic Ocean, Gulf of Mexico",Vulnerable,,Solitary,,,True
Hummingbird,10.25,11.0,4.0,"Nectar, Insects",Americas,60.0,Americas,Least Concern,17.5,Solitary,2.0,,False
Humpback Whale,,,47.5,Omnivore,Oceans,25.5,Worldwide,Least Concern,365.0,Solitary,1.0,Global,False
Iberian Lynx,65.0,11.5,11.5,Carnivore,Mediterranean Scrublands,75.0,"Spain, Portugal",Endangered,65.0,Solitary,2.5,,True
Indri,,,16.5,Herbivore,Rainforests,25.5,Madagascar,Critically Endangered,130.0,Solitary,1.0,,True
Japanese Giant Hornet,45.0,,4.5,"Carnivore, Insectivore","Forests, Mountains",49.0,"Japan, China, Southeast Asia",Not Evaluated,,Colony-based,,,False
Japanese Macaque,55.0,12.0,25.0,Omnivore,"Forests, Mountains",30.0,"Japan, China, North Korea",Least Concern,183.5,Social groups,1.0,,False
Kakapo,,,,Herbivore,"Forests, Islands",2.5,New Zealand,Critically Endangered,22.5,Solitary,2.5,,True
Kangaroo Rat,11.0,0.0925,3.5,Herbivore,Deserts,16.0,North America,Least Concern,23.0,Solitary,3.5,United States of America,False
Kangaroo Rat,11.0,0.0925,3.5,Herbivore,Deserts,16.0,North America,Least Concern,23.0,Solitary,3.5,Canada,False
Kangaroo Rat,11.0,0.0925,3.5,Herbivore,Deserts,16.0,North America,Least Concern,23.0,Solitary,3.5,Mexico,False
King Cobra,,,25.0,Carnivore,"Grasslands, Forests",20.0,"Southeast Asia, South Asia",Vulnerable,101.5,Solitary,30.0,,True
Kiwi,35.5,2.15,37.5,Omnivore,Forests,8.0,New Zealand,Vulnerable,77.5,Solitary,1.0,,True
Komodo Dragon,,,25.0,Carnivore,"Islands, Grasslands",20.0,Indonesia,Vulnerable,,Solitary,22.5,,True
Leaf-tailed Gecko,,,12.5,Insectivore,"Rainforests, Madagascar",0.9,Madagascar,Not Evaluated,52.5,Solitary,1.5,,False
Leafy Sea Dragon,,,,Carnivore,Seaweed Beds,,Southern Australia,Near Threatened,35.0,Solitary,,,False
Lemur,40.0,2.05,20.0,Omnivore,"Rainforests, Madagascar",26.5,Madagascar,Vulnerable,136.0,Group-based,1.5,,True
Lemur,47.5,2.55,20.0,Herbivore,Forests,29.0,Madagascar,Critically Endangered,127.5,Group-based,1.0,,True
Lion-tailed Macaque,52.5,6.25,25.0,"Omnivore, Herbivore","Western Ghats, India",35.0,India,Endangered,160.0,Social groups,1.0,,True
Lyrebird,90.0,1.05,17.5,Omnivore,Rainforests,0.025,Australia,Least Concern,52.5,Solitary,1.0,,False
Lyrebird,88.5,0.9750000000000001,,Omnivore,Forests,,Australia,Least Concern,52.5,Solitary,1.0,,False
Malayan Krait,,,12.5,Carnivore,"Forests, Grasslands",,Southeast Asia,Least Concern,225.0,Solitary,12.0,Indonesia,False
Malayan Krait,,,12.5,Carnivore,"Forests, Grasslands",,Southeast Asia,Least Concern,225.0,Solitary,12.0,Thailand,False
Malayan Krait,,,12.5,Carnivore,"Forests, Grasslands",,Southeast Asia,Least Concern,225.0,Solitary,12.0,Vietnam,False
Malayan Krait,,,12.5,Carnivore,"Forests, Grasslands",,Southeast Asia,Least Concern,225.0,Solitary,12.0,Malaysia,False
Malayan Krait,,,12.5,Carnivore,"Forests, Grasslands",,Southeast Asia,Least Concern,225.0,Solitary,12.0,Cambodia,False
Malayan Krait,,,12.5,Carnivore,"Forests, Grasslands",,Southeast Asia,Least Concern,225.0,Solitary,12.0,Laos,False
Malayan Krait,,,12.5,Carnivore,"Forests, Grasslands",,Southeast Asia,Least Concern,225.0,Solitary,12.0,Myanmar,False
Malayan Krait,,,12.5,Carnivore,"Forests, Grasslands",,Southeast Asia,Least Concern,225.0,Solitary,12.0,Philippines,False
Malayan Krait,,,12.5,Carnivore,"Forests, Grasslands",,Southeast Asia,Least Concern,225.0,Solitary,12.0,Singapore,False
Manatee,350.0,495.0,50.0,Herbivore,"Rivers, Coastal Areas",8.0,"North, Central, and South America",Vulnerable,407.5,Solitary,1.0,,True
Mandrill,,,30.0,Omnivore,Rainforests,30.0,Central Africa,Vulnerable,182.5,Social groups,1.0,,True
Maned Wolf,87.0,22.5,7.0,Omnivore,"Grasslands, Forests",56.0,South America,Near Threatened,67.5,Solitary,4.0,Brazil,False
Maned Wolf,87.0,22.5,7.0,Omnivore,"Grasslands, Forests",56.0,South America,Near Threatened,67.5,Solitary,4.0,Argentina,False
Maned Wolf,87.0,22.5,7.0,Omnivore,"Grasslands, Forests",56.0,South America,Near Threatened,67.5,Solitary,4.0,Peru,False
Maned Wolf,87.0,22.5,7.0,Omnivore,"Grasslands, Forests",56.0,South America,Near Threatened,67.5,Solitary,4.0,Colombia,False
Maned Wolf,87.0,22.5,7.0,Omnivore,"Grasslands, Forests",56.0,South America,Near Threatened,67.5,Solitary,4.0,Chile,False
Maned Wolf,87.0,22.5,7.0,Omnivore,"Grasslands, Forests",56.0,South America,Near Threatened,67.5,Solitary,4.0,Ecuador,False
Maned Wolf,87.0,22.5,7.0,Omnivore,"Grasslands, Forests",56.0,South America,Near Threatened,67.5,Solitary,4.0,Venezuela,False
Maned Wolf,87.0,22.5,7.0,Omnivore,"Grasslands, Forests",56.0,South America,Near Threatened,67.5,Solitary,4.0,Paraguay,False
Maned Wolf,87.0,22.5,7.0,Omnivore,"Grasslands, Forests",56.0,South America,Near Threatened,67.5,Solitary,4.0,Bolivia,False
Mantis Shrimp,,,,Carnivore,Coral Reefs,40.0,Oceans worldwide,Not Evaluated,25.0,Solitary,,Global,False
Markhor,,,11.5,Herbivore,Mountains,52.0,"Central Asia, South Asia, Middle East",Near Threatened,152.5,Solitary,1.5,,False
Meerkat,30.0,0.8,13.0,"Omnivore, Insectivore",Arid regions,32.0,"Kalahari Desert, Africa",Least Concern,71.5,Social groups,3.5,,False
Monitor Lizard,,,,Carnivore,Various,,"Africa, Asia, Australia, Oceania",Varies,,Solitary,,,False
Mountain Gorilla,160.0,135.0,37.5,Herbivore,"Rainforests, Mountains",40.0,"Democratic Republic of Congo, Uganda",Endangered,262.5,Group-based,1.0,,True
Naked Mole Rat,,,,"Herbivore, Insectivore",Underground Tunnels,0.055,East Africa,Least Concern,70.0,Eusocial,,,False
Narwhal,,,55.0,Carnivore,Arctic Waters,45.0,Arctic,Near Threatened,,Solitary,1.0,Greenland,False
Narwhal,,,55.0,Carnivore,Arctic Waters,45.0,Arctic,Near Threatened,,Solitary,1.0,Canada,False
Narwhal,,,55.0,Carnivore,Arctic Waters,45.0,Arctic,Near Threatened,,Solitary,1.0,Norway,False
Narwhal,,,55.0,Carnivore,Arctic Waters,45.0,Arctic,Near Threatened,,Solitary,1.0,Iceland,False
Narwhal,,,55.0,Carnivore,Arctic Waters,45.0,Arctic,Near Threatened,,Solitary,1.0,Russia,False
Nudibranch,,,,Carnivore,"Oceans, Coral Reefs",,Oceans worldwide,Not Evaluated,,Solitary,,Global,False
Numbat,40.0,0.66,,Insectivore,Eucalyptus Forests,8.0,Western Australia,Endangered,14.0,Solitary,5.0,,True
Okapi,225.0,275.0,25.0,Herbivore,Central Africa,56.0,Democratic Republic of Congo,Endangered,445.0,Solitary,1.0,,True
Okapi,225.0,275.0,25.0,Herbivore,Rainforests,58.0,Democratic Republic of Congo,Endangered,435.0,Solitary,1.0,,True
Orangutan,,56.0,37.5,Omnivore,Rainforests,9.0,"Indonesia, Malaysia",Critically Endangered,240.0,Solitary,1.0,,True
Pangolin,65.0,21.0,15.0,Insectivore,"Grasslands, Forests",32.0,"Asia, Africa",Critically Endangered,250.0,Solitary,1.0,,True
Patagonian Mara,60.0,10.75,7.5,Herbivore,Grasslands,30.0,"Argentina, Chile",Least Concern,77.5,Group-based,2.0,,False
Peacock Mantis Shrimp,,,,Carnivore,Coral Reefs,72.0,Indo-Pacific region,Not Evaluated,,Solitary,,Indonesia,False
Peacock Mantis Shrimp,,,,Carnivore,Coral Reefs,72.0,Indo-Pacific region,Not Evaluated,,Solitary,,Philippines,False
Peacock Mantis Shrimp,,,,Carnivore,Coral Reefs,72.0,Indo-Pacific region,Not Evaluated,,Solitary,,Australia,False
Peacock Mantis Shrimp,,,,Carnivore,Coral Reefs,72.0,Indo-Pacific region,Not Evaluated,,Solitary,,Malaysia,False
Pink Fairy Armadillo,12.0,,6.0,Insectivore,Grasslands,,Argentina,Near Threatened,62.0,Solitary,1.0,,False
Pink Fairy Armadillo,13.5,,4.0,Insectivore,Grasslands,0.8,Argentina,Near Threatened,62.0,Solitary,1.0,,False
Platypus,12.5,1.5499999999999998,13.5,"Carnivore, Insectivore",Eastern Australia,5.0,Australia,Near Threatened,,Solitary,2.0,,False
Polar Bear,,,27.5,Carnivore,Arctic,40.0,Arctic,Vulnerable,230.0,Solitary,1.5,Greenland,True
Polar Bear,,,27.5,Carnivore,Arctic,40.0,Arctic,Vulnerable,230.0,Solitary,1.5,Canada,True
Polar Bear,,,27.5,Carnivore,Arctic,40.0,Arctic,Vulnerable,230.0,Solitary,1.5,Norway,True
Polar Bear,,,27.5,Carnivore,Arctic,40.0,Arctic,Vulnerable,230.0,Solitary,1.5,Iceland,True
Polar Bear,,,27.5,Carnivore,Arctic,40.0,Arctic,Vulnerable,230.0,Solitary,1.5,Russia,True
Potoo,39.5,0.6,12.5,"Carnivore, Insectivore","Forests, Woodlands",20.0,Central and South America,Least Concern,25.0,Solitary,1.0,Brazil,False
Potoo,39.5,0.6,12.5,"Carnivore, Insectivore","Forests, Woodlands",20.0,Central and South America,Least Concern,25.0,Solitary,1.0,Colombia,False
Potoo,39.5,0.6,12.5,"Carnivore, Insectivore","Forests, Woodlands",20.0,Central and South America,Least Concern,25.0,Solitary,1.0,Peru,False
Potoo,39.5,0.6,12.5,"Carnivore, Insectivore","Forests, Woodlands",20.0,Central and South America,Least Concern,25.0,Solitary,1.0,Ecuador,False
Potoo,39.5,0.6,12.5,"Carnivore, Insectivore","Forests, Woodlands",20.0,Central and South America,Least Concern,25.0,Solitary,1.0,Argentina,False
Potoo,39.5,0.6,12.5,"Carnivore, Insectivore","Forests, Woodlands",20.0,Central and South America,Least Concern,25.0,Solitary,1.0,Chile,False
Potoo,39.5,0.6,12.5,"Carnivore, Insectivore","Forests, Woodlands",20.0,Central and South America,Least Concern,25.0,Solitary,1.0,Venezuela,False
Potoo,39.5,0.6,12.5,"Carnivore, Insectivore","Forests, Woodlands",20.0,Central and South America,Least Concern,25.0,Solitary,1.0,Paraguay,False
Potoo,39.5,0.6,12.5,"Carnivore, Insectivore","Forests, Woodlands",20.0,Central and South America,Least Concern,25.0,Solitary,1.0,Bolivia,False
Praying Mantis,,0.26,9.0,Carnivore,Worldwide,0.6,Worldwide,Not Evaluated,35.0,Solitary,,Global,False
Proboscis Monkey,60.0,19.0,,Herbivore,"Mangroves, Rainforests",28.0,"Borneo, Malaysia",Endangered,183.0,Social groups,1.0,,True
Pronghorn,92.5,55.0,12.5,Herbivore,Grasslands,88.5,North America,Least Concern,240.0,Group-based,1.0,United States of America,False
Pronghorn,92.5,55.0,12.5,Herbivore,Grasslands,88.5,North America,Least Concern,240.0,Group-based,1.0,Canada,False
Pronghorn,92.5,55.0,12.5,Herbivore,Grasslands,88.5,North America,Least Concern,240.0,Group-based,1.0,Mexico,False
Pufferfish,,,6.5,Carnivore,Tropical and Subtropical,8.0,Oceans worldwide,Not Evaluated,,Solitary,,Global,False
Quokka,47.0,3.75,7.5,Herbivore,"Scrublands, Forests",24.0,Australia,Vulnerable,27.5,Solitary,1.0,,True
Red Fox,42.5,5.0,4.0,Omnivore,"Forests, Grasslands",48.0,"North America, Europe, Asia",Least Concern,52.0,Solitary,5.0,,False
Red Kangaroo,160.0,56.5,,Herbivore,Grasslands,56.0,Australia,Least Concern,32.0,Group-based,1.0,,False
Red Panda,57.5,4.5,10.0,Herbivore,Himalayan Foothills,0.30000000000000004,"China, Nepal, Bhutan, India",Endangered,135.0,Solitary,2.5,,True
Red-Eyed Tree Frog,6.3,,,Insectivore,Rainforests,,Central America,Least Concern,6.0,Solitary,,,False
Rottweiler,62.5,48.0,9.0,Carnivore,Worldwide,35.0,Worldwide,Not Applicable,63.0,Pack-based,9.0,Global,False
Saola,,,,Herbivore,Forests,26.0,"Vietnam, Laos",Critically Endangered,240.0,Solitary,1.0,,True
Secretary Bird,125.0,3.4,12.5,Carnivore,"Grasslands, Savannas",24.0,Africa_full_region,Least Concern,44.0,Solitary,2.0,Africa,False
Serval,58.0,13.0,11.0,Carnivore,"Grasslands, Wetlands",44.0,Africa_full_region,Least Concern,63.0,Solitary,1.0,Africa,False
Shoebill,125.0,5.0,32.5,Carnivore,"Swamps, Marshes",15.0,Tropical Central Tropical Africa,Vulnerable,32.5,Solitary,2.0,,True
Shortfin Mako Shark,,,31.5,Carnivore,Oceans,45.0,Worldwide,Vulnerable,22.0,Solitary,1.0,Global,True
Siberian Husky,55.0,21.5,13.0,Carnivore,Cold Regions,57.5,"Siberia, Alaska",Not Applicable,61.5,Pack-based,5.0,,False
Sloth,55.0,6.3,13.0,Herbivore,Rainforests,0.135,Central and South America,Least Concern,150.0,Solitary,1.0,Brazil,False
Sloth,55.0,6.3,13.0,Herbivore,Rainforests,0.135,Central and South America,Least Concern,150.0,Solitary,1.0,Colombia,False
Sloth,55.0,6.3,13.0,Herbivore,Rainforests,0.135,Central and South America,Least Concern,150.0,Solitary,1.0,Peru,False
Sloth,55.0,6.3,13.0,Herbivore,Rainforests,0.135,Central and South America,Least Concern,150.0,Solitary,1.0,Ecuador,False
Sloth,55.0,6.3,13.0,Herbivore,Rainforests,0.135,Central and South America,Least Concern,150.0,Solitary,1.0,Argentina,False
Sloth,55.0,6.3,13.0,Herbivore,Rainforests,0.135,Central and South America,Least Concern,150.0,Solitary,1.0,Chile,False
Sloth,55.0,6.3,13.0,Herbivore,Rainforests,0.135,Central and South America,Least Concern,150.0,Solitary,1.0,Venezuela,False
Sloth,55.0,6.3,13.0,Herbivore,Rainforests,0.135,Central and South America,Least Concern,150.0,Solitary,1.0,Paraguay,False
Sloth,55.0,6.3,13.0,Herbivore,Rainforests,0.135,Central and South America,Least Concern,150.0,Solitary,1.0,Bolivia,False
Slow Loris,29.0,0.9500000000000001,22.0,Omnivore,Forests,,Southeast Asia,Vulnerable,24.5,Solitary,,Indonesia,True
Slow Loris,29.0,0.9500000000000001,22.0,Omnivore,Forests,,Southeast Asia,Vulnerable,24.5,Solitary,,Thailand,True
Slow Loris,29.0,0.9500000000000001,22.0,Omnivore,Forests,,Southeast Asia,Vulnerable,24.5,Solitary,,Vietnam,True
Slow Loris,29.0,0.9500000000000001,22.0,Omnivore,Forests,,Southeast Asia,Vulnerable,24.5,Solitary,,Malaysia,True
Slow Loris,29.0,0.9500000000000001,22.0,Omnivore,Forests,,Southeast Asia,Vulnerable,24.5,Solitary,,Cambodia,True
Slow Loris,29.0,0.9500000000000001,22.0,Omnivore,Forests,,Southeast Asia,Vulnerable,24.5,Solitary,,Laos,True
Slow Loris,29.0,0.9500000000000001,22.0,Omnivore,Forests,,Southeast Asia,Vulnerable,24.5,Solitary,,Myanmar,True
Slow Loris,29.0,0.9500000000000001,22.0,Omnivore,Forests,,Southeast Asia,Vulnerable,24.5,Solitary,,Philippines,True
Slow Loris,29.0,0.9500000000000001,22.0,Omnivore,Forests,,Southeast Asia,Vulnerable,24.5,Solitary,,Singapore,True
Snow Leopard,60.0,48.5,12.5,Carnivore,"Mountains, Steppes",50.0,Central and South Asia,Vulnerable,95.0,Solitary,3.0,,True
Snowy Owl,61.5,2.45,12.5,Carnivore,"Arctic, North America",80.0,"Arctic, North America",Least Concern,33.0,Solitary,7.0,,False
Spectacled Bear,160.0,56.0,17.5,Omnivore,Forests,45.0,South America,Vulnerable,247.0,Solitary,1.0,Brazil,True
Spectacled Bear,160.0,56.0,17.5,Omnivore,Forests,45.0,South America,Vulnerable,247.0,Solitary,1.0,Argentina,True
Spectacled Bear,160.0,56.0,17.5,Omnivore,Forests,45.0,South America,Vulnerable,247.0,Solitary,1.0,Peru,True
Spectacled Bear,160.0,56.0,17.5,Omnivore,Forests,45.0,South America,Vulnerable,247.0,Solitary,1.0,Colombia,True
Spectacled Bear,160.0,56.0,17.5,Omnivore,Forests,45.0,South America,Vulnerable,247.0,Solitary,1.0,Chile,True
Spectacled Bear,160.0,56.0,17.5,Omnivore,Forests,45.0,South America,Vulnerable,247.0,Solitary,1.0,Ecuador,True
Spectacled Bear,160.0,56.0,17.5,Omnivore,Forests,45.0,South America,Vulnerable,247.0,Solitary,1.0,Venezuela,True
Spectacled Bear,160.0,56.0,17.5,Omnivore,Forests,45.0,South America,Vulnerable,247.0,Solitary,1.0,Paraguay,True
Spectacled Bear,160.0,56.0,17.5,Omnivore,Forests,45.0,South America,Vulnerable,247.0,Solitary,1.0,Bolivia,True
Sperm Whale,,,55.0,Carnivore,Oceans,60.0,Worldwide,Vulnerable,55.0,Solitary,1.0,Global,True
Spider Monkey,49.5,7.5,30.5,Omnivore,Rainforests,45.0,Central and South America,Vulnerable,135.0,Group-based,1.0,Brazil,True
Spider Monkey,49.5,7.5,30.5,Omnivore,Rainforests,45.0,Central and South America,Vulnerable,135.0,Group-based,1.0,Colombia,True
Spider Monkey,49.5,7.5,30.5,Omnivore,Rainforests,45.0,Central and South America,Vulnerable,135.0,Group-based,1.0,Peru,True
Spider Monkey,49.5,7.5,30.5,Omnivore,Rainforests,45.0,Central and South America,Vulnerable,135.0,Group-based,1.0,Ecuador,True
Spider Monkey,49.5,7.5,30.5,Omnivore,Rainforests,45.0,Central and South America,Vulnerable,135.0,Group-based,1.0,Argentina,True
Spider Monkey,49.5,7.5,30.5,Omnivore,Rainforests,45.0,Central and South America,Vulnerable,135.0,Group-based,1.0,Chile,True
Spider Monkey,49.5,7.5,30.5,Omnivore,Rainforests,45.0,Central and South America,Vulnerable,135.0,Group-based,1.0,Venezuela,True
Spider Monkey,49.5,7.5,30.5,Omnivore,Rainforests,45.0,Central and South America,Vulnerable,135.0,Group-based,1.0,Paraguay,True
Spider Monkey,49.5,7.5,30.5,Omnivore,Rainforests,45.0,Central and South America,Vulnerable,135.0,Group-based,1.0,Bolivia,True
Spotted Hyena,81.0,54.0,18.5,"Carnivore, Scavenger","Grasslands, Savannahs",60.0,Sub-Saharan Africa,Least Concern,100.0,Group-based,2.5,Kenya,False
Spotted Hyena,81.0,54.0,18.5,"Carnivore, Scavenger","Grasslands, Savannahs",60.0,Sub-Saharan Africa,Least Concern,100.0,Group-based,2.5,Uganda,False
Spotted Hyena,81.0,54.0,18.5,"Carnivore, Scavenger","Grasslands, Savannahs",60.0,Sub-Saharan Africa,Least Concern,100.0,Group-based,2.5,Ethiopia,False
Spotted Hyena,81.0,54.0,18.5,"Carnivore, Scavenger","Grasslands, Savannahs",60.0,Sub-Saharan Africa,Least Concern,100.0,Group-based,2.5,Nigeria,False
Spotted Hyena,81.0,54.0,18.5,"Carnivore, Scavenger","Grasslands, Savannahs",60.0,Sub-Saharan Africa,Least Concern,100.0,Group-based,2.5,South Africa,False
Spotted Hyena,81.0,54.0,18.5,"Carnivore, Scavenger","Grasslands, Savannahs",60.0,Sub-Saharan Africa,Least Concern,100.0,Group-based,2.5,Tanzania,False
Spotted Hyena,81.0,54.0,18.5,"Carnivore, Scavenger","Grasslands, Savannahs",60.0,Sub-Saharan Africa,Least Concern,100.0,Group-based,2.5,Zambia,False
Spotted Hyena,81.0,54.0,18.5,"Carnivore, Scavenger","Grasslands, Savannahs",60.0,Sub-Saharan Africa,Least Concern,100.0,Group-based,2.5,Rwanda,False
Spotted Hyena,81.0,54.0,18.5,"Carnivore, Scavenger","Grasslands, Savannahs",60.0,Sub-Saharan Africa,Least Concern,100.0,Group-based,2.5,Malawi,False
Spotted Hyena,81.0,54.0,18.5,"Carnivore, Scavenger","Grasslands, Savannahs",60.0,Sub-Saharan Africa,Least Concern,100.0,Group-based,2.5,Mozambique,False
Squirrel Monkey,30.0,0.75,,Omnivore,Rainforests,30.0,Central and South America,Least Concern,17.5,Group-based,45.0,Brazil,False
Squirrel Monkey,30.0,0.75,,Omnivore,Rainforests,30.0,Central and South America,Least Concern,17.5,Group-based,45.0,Colombia,False
Squirrel Monkey,30.0,0.75,,Omnivore,Rainforests,30.0,Central and South America,Least Concern,17.5,Group-based,45.0,Peru,False
Squirrel Monkey,30.0,0.75,,Omnivore,Rainforests,30.0,Central and South America,Least Concern,17.5,Group-based,45.0,Ecuador,False
Squirrel Monkey,30.0,0.75,,Omnivore,Rainforests,30.0,Central and South America,Least Concern,17.5,Group-based,45.0,Argentina,False
Squirrel Monkey,30.0,0.75,,Omnivore,Rainforests,30.0,Central and South America,Least Concern,17.5,Group-based,45.0,Chile,False
Squirrel Monkey,30.0,0.75,,Omnivore,Rainforests,30.0,Central and South America,Least Concern,17.5,Group-based,45.0,Venezuela,False
Squirrel Monkey,30.0,0.75,,Omnivore,Rainforests,30.0,Central and South America,Least Concern,17.5,Group-based,45.0,Paraguay,False
Squirrel Monkey,30.0,0.75,,Omnivore,Rainforests,30.0,Central and South America,Least Concern,17.5,Group-based,45.0,Bolivia,False
Star-Nosed Mole,16.0,,,Insectivore,"Wetlands, Forests",1.2,North America,Least Concern,19.0,Solitary,6.0,United States of America,False
Star-Nosed Mole,16.0,,,Insectivore,"Wetlands, Forests",1.2,North America,Least Concern,19.0,Solitary,6.0,Canada,False
Star-Nosed Mole,16.0,,,Insectivore,"Wetlands, Forests",1.2,North America,Least Concern,19.0,Solitary,6.0,Mexico,False
Sumatran Orangutan,83.0,39.5,40.0,Omnivore,Rainforests,35.0,Sumatra,Critically Endangered,95.0,Solitary,1.0,,True
Sumatran Rhino,122.5,850.0,37.5,Herbivore,Rainforests,40.0,Southeast Asia,Critically Endangered,535.0,Solitary,1.0,Indonesia,True
Sumatran Rhino,122.5,850.0,37.5,Herbivore,Rainforests,40.0,Southeast Asia,Critically Endangered,535.0,Solitary,1.0,Thailand,True
Sumatran Rhino,122.5,850.0,37.5,Herbivore,Rainforests,40.0,Southeast Asia,Critically Endangered,535.0,Solitary,1.0,Vietnam,True
Sumatran Rhino,122.5,850.0,37.5,Herbivore,Rainforests,40.0,Southeast Asia,Critically Endangered,535.0,Solitary,1.0,Malaysia,True
Sumatran Rhino,122.5,850.0,37.5,Herbivore,Rainforests,40.0,Southeast Asia,Critically Endangered,535.0,Solitary,1.0,Cambodia,True
Sumatran Rhino,122.5,850.0,37.5,Herbivore,Rainforests,40.0,Southeast Asia,Critically Endangered,535.0,Solitary,1.0,Laos,True
Sumatran Rhino,122.5,850.0,37.5,Herbivore,Rainforests,40.0,Southeast Asia,Critically Endangered,535.0,Solitary,1.0,Myanmar,True
Sumatran Rhino,122.5,850.0,37.5,Herbivore,Rainforests,40.0,Southeast Asia,Critically Endangered,535.0,Solitary,1.0,Philippines,True
Sumatran Rhino,122.5,850.0,37.5,Herbivore,Rainforests,40.0,Southeast Asia,Critically Endangered,535.0,Solitary,1.0,Singapore,True
Sumatran Rhinoceros,128.5,725.0,37.5,Herbivore,Rainforests,52.0,Southeast Asia,Critically Endangered,450.0,Solitary,1.0,Indonesia,True
Sumatran Rhinoceros,128.5,725.0,37.5,Herbivore,Rainforests,52.0,Southeast Asia,Critically Endangered,450.0,Solitary,1.0,Thailand,True
Sumatran Rhinoceros,128.5,725.0,37.5,Herbivore,Rainforests,52.0,Southeast Asia,Critically Endangered,450.0,Solitary,1.0,Vietnam,True
Sumatran Rhinoceros,128.5,725.0,37.5,Herbivore,Rainforests,52.0,Southeast Asia,Critically Endangered,450.0,Solitary,1.0,Malaysia,True
Sumatran Rhinoceros,128.5,725.0,37.5,Herbivore,Rainforests,52.0,Southeast Asia,Critically Endangered,450.0,Solitary,1.0,Cambodia,True
Sumatran Rhinoceros,128.5,725.0,37.5,Herbivore,Rainforests,52.0,Southeast Asia,Critically Endangered,450.0,Solitary,1.0,Laos,True
Sumatran Rhinoceros,128.5,725.0,37.5,Herbivore,Rainforests,52.0,Southeast Asia,Critically Endangered,450.0,Solitary,1.0,Myanmar,True
Sumatran Rhinoceros,128.5,725.0,37.5,Herbivore,Rainforests,52.0,Southeast Asia,Critically Endangered,450.0,Solitary,1.0,Philippines,True
Sumatran Rhinoceros,128.5,725.0,37.5,Herbivore,Rainforests,52.0,Southeast Asia,Critically Endangered,450.0,Solitary,1.0,Singapore,True
Sumatran Tiger,78.5,84.0,17.5,Carnivore,Rainforests,24.0,Sumatra,Critically Endangered,185.0,Solitary,3.0,,True
Sun Bear,135.0,53.5,27.5,Omnivore,Tropical Forests,44.0,Southeast Asia,Vulnerable,120.0,Solitary,1.5,Indonesia,True
Sun Bear,135.0,53.5,27.5,Omnivore,Tropical Forests,44.0,Southeast Asia,Vulnerable,120.0,Solitary,1.5,Thailand,True
Sun Bear,135.0,53.5,27.5,Omnivore,Tropical Forests,44.0,Southeast Asia,Vulnerable,120.0,Solitary,1.5,Vietnam,True
Sun Bear,135.0,53.5,27.5,Omnivore,Tropical Forests,44.0,Southeast Asia,Vulnerable,120.0,Solitary,1.5,Malaysia,True
Sun Bear,135.0,53.5,27.5,Omnivore,Tropical Forests,44.0,Southeast Asia,Vulnerable,120.0,Solitary,1.5,Cambodia,True
Sun Bear,135.0,53.5,27.5,Omnivore,Tropical Forests,44.0,Southeast Asia,Vulnerable,120.0,Solitary,1.5,Laos,True
Sun Bear,135.0,53.5,27.5,Omnivore,Tropical Forests,44.0,Southeast Asia,Vulnerable,120.0,Solitary,1.5,Myanmar,True
Sun Bear,135.0,53.5,27.5,Omnivore,Tropical Forests,44.0,Southeast Asia,Vulnerable,120.0,Solitary,1.5,Philippines,True
Sun Bear,135.0,53.5,27.5,Omnivore,Tropical Forests,44.0,Southeast Asia,Vulnerable,120.0,Solitary,1.5,Singapore,True
Tapir,95.0,275.0,27.5,Herbivore,"Rainforests, Grasslands",48.0,South and Central America,Vulnerable,392.5,Solitary,1.0,Brazil,True
Tapir,95.0,275.0,27.5,Herbivore,"Rainforests, Grasslands",48.0,South and Central America,Vulnerable,392.5,Solitary,1.0,Colombia,True
Tapir,95.0,275.0,27.5,Herbivore,"Rainforests, Grasslands",48.0,South and Central America,Vulnerable,392.5,Solitary,1.0,Peru,True
Tapir,95.0,275.0,27.5,Herbivore,"Rainforests, Grasslands",48.0,South and Central America,Vulnerable,392.5,Solitary,1.0,Panama,True
Tapir,95.0,275.0,27.5,Herbivore,"Rainforests, Grasslands",48.0,South and Central America,Vulnerable,392.5,Solitary,1.0,Costa Rica,True
Tarsier,,,16.0,Insectivore,Rainforests,45.0,"Southeast Asia, Philippines",Vulnerable,195.0,Solitary,1.0,,True
Tasmanian Devil,53.0,9.0,6.5,"Carnivore, Scavenger","Forests, Grasslands",16.0,"Tasmania, Australia",Endangered,24.5,Solitary,25.0,,True
Tasmanian Tiger,115.0,25.0,5.5,Carnivore,Australia,56.0,Australia,Extinct,124.5,Solitary,2.5,,True
Termite,,,,Herbivore,"Forests, Grasslands",,Worldwide,Not Applicable,,Social groups,,Global,False
Thorny Devil,,,12.5,Insectivore,"Desert, Scrublands",0.24,Australia,Least Concern,,Solitary,,,False
Three-Toed Sloth,52.0,,10.0,Herbivore,Rainforests,20.0,Central and South America,Least Concern,35.0,Solitary,1.5,Brazil,False
Three-Toed Sloth,52.0,,10.0,Herbivore,Rainforests,20.0,Central and South America,Least Concern,35.0,Solitary,1.5,Colombia,False
Three-Toed Sloth,52.0,,10.0,Herbivore,Rainforests,20.0,Central and South America,Least Concern,35.0,Solitary,1.5,Peru,False
Three-Toed Sloth,52.0,,10.0,Herbivore,Rainforests,20.0,Central and South America,Least Concern,35.0,Solitary,1.5,Ecuador,False
Three-Toed Sloth,52.0,,10.0,Herbivore,Rainforests,20.0,Central and South America,Least Concern,35.0,Solitary,1.5,Argentina,False
Three-Toed Sloth,52.0,,10.0,Herbivore,Rainforests,20.0,Central and South America,Least Concern,35.0,Solitary,1.5,Chile,False
Three-Toed Sloth,52.0,,10.0,Herbivore,Rainforests,20.0,Central and South America,Least Concern,35.0,Solitary,1.5,Venezuela,False
Three-Toed Sloth,52.0,,10.0,Herbivore,Rainforests,20.0,Central and South America,Least Concern,35.0,Solitary,1.5,Paraguay,False
Three-Toed Sloth,52.0,,10.0,Herbivore,Rainforests,20.0,Central and South America,Least Concern,35.0,Solitary,1.5,Bolivia,False
Tibetan Mastiff,69.5,69.0,11.0,Omnivore,Human Dwellings,45.0,"Asia, Tibet",Not Applicable,70.0,Social groups,5.5,,False
Tiger,120.5,245.0,12.5,Carnivore,Rainforests,28.0,"Asia, Russia",Endangered,295.0,Solitary,2.5,,True
Titanoboa,,,12.5,Carnivore,Wetlands,27.0,South America,Extinct (around 58 million years ago),445.0,Solitary,,Brazil,False
Titanoboa,,,12.5,Carnivore,Wetlands,27.0,South America,Extinct (around 58 million years ago),445.0,Solitary,,Argentina,False
Titanoboa,,,12.5,Carnivore,Wetlands,27.0,South America,Extinct (around 58 million years ago),445.0,Solitary,,Peru,False
Titanoboa,,,12.5,Carnivore,Wetlands,27.0,South America,Extinct (around 58 million years ago),445.0,Solitary,,Colombia,False
Titanoboa,,,12.5,Carnivore,Wetlands,27.0,South America,Extinct (around 58 million years ago),445.0,Solitary,,Chile,False
Titanoboa,,,12.5,Carnivore,Wetlands,27.0,South America,Extinct (around 58 million years ago),445.0,Solitary,,Ecuador,False
Titanoboa,,,12.5,Carnivore,Wetlands,27.0,South America,Extinct (around 58 million years ago),445.0,Solitary,,Venezuela,False
Titanoboa,,,12.5,Carnivore,Wetlands,27.0,South America,Extinct (around 58 million years ago),445.0,Solitary,,Paraguay,False
Titanoboa,,,12.5,Carnivore,Wetlands,27.0,South America,Extinct (around 58 million years ago),445.0,Solitary,,Bolivia,False
Toco Toucan,60.0,620.0,8.0,Omnivore,Rainforests,35.5,South America,Least Concern,18.5,Flocks,3.0,Brazil,False
Toco Toucan,60.0,620.0,8.0,Omnivore,Rainforests,35.5,South America,Least Concern,18.5,Flocks,3.0,Argentina,False
Toco Toucan,60.0,620.0,8.0,Omnivore,Rainforests,35.5,South America,Least Concern,18.5,Flocks,3.0,Peru,False
Toco Toucan,60.0,620.0,8.0,Omnivore,Rainforests,35.5,South America,Least Concern,18.5,Flocks,3.0,Colombia,False
Toco Toucan,60.0,620.0,8.0,Omnivore,Rainforests,35.5,South America,Least Concern,18.5,Flocks,3.0,Chile,False
Toco Toucan,60.0,620.0,8.0,Omnivore,Rainforests,35.5,South America,Least Concern,18.5,Flocks,3.0,Ecuador,False
Toco Toucan,60.0,620.0,8.0,Omnivore,Rainforests,35.5,South America,Least Concern,18.5,Flocks,3.0,Venezuela,False
Toco Toucan,60.0,620.0,8.0,Omnivore,Rainforests,35.5,South America,Least Concern,18.5,Flocks,3.0,Paraguay,False
Toco Toucan,60.0,620.0,8.0,Omnivore,Rainforests,35.5,South America,Least Concern,18.5,Flocks,3.0,Bolivia,False
Tree Kangaroo,65.0,6.0,17.5,Herbivore,Rainforests,30.0,"Papua New Guinea, Indonesia",Endangered,128.0,Solitary,1.0,,True
Tsetse Fly,,,,Carnivore,Savannahs,,Africa_full_region,Not Applicable,,Solitary,,Africa,False
Tuatara,,,,"Carnivore, Insectivore","Islands, Coastal Areas",0.03,New Zealand,Vulnerable,13.5,Solitary,,,True
Tufted Puffin,38.0,0.7,,Carnivore,Coastal Areas,17.0,North Pacific,Least Concern,126.0,Social groups,1.0,,False
Uakari,51.0,2.5,12.5,Omnivore,Rainforests,20.0,Amazon Basin,Vulnerable,125.0,Group-based,3.5,,True
Vampire Bat,,,10.0,Carnivore,"Caves, Forests",32.0,Americas,Least Concern,60.0,Colony-based,1.0,,False
Vaquita,,,20.5,Carnivore,Gulf of California,,"Gulf of California, Mexico",Critically Endangered,,Solitary,1.0,,True
Vulture,,,,Carnivore,Various,,"Africa, Asia, Americas",Varies,,Social groups,,,False
Walrus,,,45.0,Carnivore,"Arctic, Coastal Areas",40.0,"Arctic, Subarctic",Least Concern,22.5,Group-based,,,False
Warthog,117.5,105.0,17.5,Omnivore,"Savannahs, Grasslands",20.0,Sub-Saharan Africa,Least Concern,190.0,Group-based,18.0,Kenya,False
Warthog,117.5,105.0,17.5,Omnivore,"Savannahs, Grasslands",20.0,Sub-Saharan Africa,Least Concern,190.0,Group-based,18.0,Uganda,False
Warthog,117.5,105.0,17.5,Omnivore,"Savannahs, Grasslands",20.0,Sub-Saharan Africa,Least Concern,190.0,Group-based,18.0,Ethiopia,False
Warthog,117.5,105.0,17.5,Omnivore,"Savannahs, Grasslands",20.0,Sub-Saharan Africa,Least Concern,190.0,Group-based,18.0,Nigeria,False
Warthog,117.5,105.0,17.5,Omnivore,"Savannahs, Grasslands",20.0,Sub-Saharan Africa,Least Concern,190.0,Group-based,18.0,South Africa,False
Warthog,117.5,105.0,17.5,Omnivore,"Savannahs, Grasslands",20.0,Sub-Saharan Africa,Least Concern,190.0,Group-based,18.0,Tanzania,False
Warthog,117.5,105.0,17.5,Omnivore,"Savannahs, Grasslands",20.0,Sub-Saharan Africa,Least Concern,190.0,Group-based,18.0,Zambia,False
Warthog,117.5,105.0,17.5,Omnivore,"Savannahs, Grasslands",20.0,Sub-Saharan Africa,Least Concern,190.0,Group-based,18.0,Rwanda,False
Warthog,117.5,105.0,17.5,Omnivore,"Savannahs, Grasslands",20.0,Sub-Saharan Africa,Least Concern,190.0,Group-based,18.0,Malawi,False
Warthog,117.5,105.0,17.5,Omnivore,"Savannahs, Grasslands",20.0,Sub-Saharan Africa,Least Concern,190.0,Group-based,18.0,Mozambique,False
Water Buffalo,250.0,750.0,22.5,Herbivore,"Grasslands, Wetlands",40.0,"Asia, Africa",Least Concern,255.0,Group-based,265.0,,False
Western Gorilla,170.0,125.0,35.0,Herbivore,Rainforests,40.0,Central Africa,Critically Endangered,245.0,Social groups,1.0,,True
Western Lowland Gorilla,170.0,124.5,35.0,Herbivore,Rainforests,40.0,Central Africa,Critically Endangered,245.0,Social groups,1.0,,True
Whale Shark,,,85.0,Filter Feeder,Oceans,70.0,Worldwide,Endangered,125.0,Solitary,1.0,Global,True
White Rhinoceros,1850.0,2150.0,45.0,Herbivore,Grasslands,45.0,Eastern and Southern Africa,Near Threatened,270.0,Group-based,7.5,Kenya,False
White Rhinoceros,1850.0,2150.0,45.0,Herbivore,Grasslands,45.0,Eastern and Southern Africa,Near Threatened,270.0,Group-based,7.5,Tanzania,False
White Rhinoceros,1850.0,2150.0,45.0,Herbivore,Grasslands,45.0,Eastern and Southern Africa,Near Threatened,270.0,Group-based,7.5,Uganda,False
White Rhinoceros,1850.0,2150.0,45.0,Herbivore,Grasslands,45.0,Eastern and Southern Africa,Near Threatened,270.0,Group-based,7.5,South Africa,False
White Rhinoceros,1850.0,2150.0,45.0,Herbivore,Grasslands,45.0,Eastern and Southern Africa,Near Threatened,270.0,Group-based,7.5,Zimbabwe,False
White Rhinoceros,1850.0,2150.0,45.0,Herbivore,Grasslands,45.0,Eastern and Southern Africa,Near Threatened,270.0,Group-based,7.5,Mozambique,False
White Rhinoceros,1850.0,2150.0,45.0,Herbivore,Grasslands,45.0,Eastern and Southern Africa,Near Threatened,270.0,Group-based,7.5,Botswana,False
White Tiger,250.0,200.0,12.5,Carnivore,Rainforests,22.0,"India, Southeast Asia",Critically Endangered,245.0,Solitary,1.0,,True
Wild Boar,82.5,75.0,17.5,Omnivore,"Forests, Grasslands",20.0,"Eurasia, North Africa, Americas",Least Concern,175.0,Group-based,18.0,,False
Wildebeest,210.0,295.0,22.5,Herbivore,Grasslands,47.0,Eastern and Southern Africa,Least Concern,255.0,Group-based,500.5,Kenya,False
Wildebeest,210.0,295.0,22.5,Herbivore,Grasslands,47.0,Eastern and Southern Africa,Least Concern,255.0,Group-based,500.5,Tanzania,False
Wildebeest,210.0,295.0,22.5,Herbivore,Grasslands,47.0,Eastern and Southern Africa,Least Concern,255.0,Group-based,500.5,Uganda,False
Wildebeest,210.0,295.0,22.5,Herbivore,Grasslands,47.0,Eastern and Southern Africa,Least Concern,255.0,Group-based,500.5,South Africa,False
Wildebeest,210.0,295.0,22.5,Herbivore,Grasslands,47.0,Eastern and Southern Africa,Least Concern,255.0,Group-based,500.5,Zimbabwe,False
Wildebeest,210.0,295.0,22.5,Herbivore,Grasslands,47.0,Eastern and Southern Africa,Least Concern,255.0,Group-based,500.5,Mozambique,False
Wildebeest,210.0,295.0,22.5,Herbivore,Grasslands,47.0,Eastern and Southern Africa,Least Concern,255.0,Group-based,500.5,Botswana,False
Wolf,73.5,51.5,10.5,Carnivore,"Forests, Grasslands",45.0,"Eurasia, North America, North Africa",Least Concern,125.0,Group-based,11.0,,False
Wolverine,37.5,17.0,9.5,"Carnivore, Scavenger","Boreal Forests, Tundra",63.0,"North America, Europe, Asia",Least Concern,42.5,Solitary,2.5,,False
Wombat,101.0,27.5,7.5,Herbivore,"Forests, Grasslands",20.0,Australia,Least Concern,132.0,Solitary,1.0,,False
Woodpecker,12.35,0.045000000000000005,,Insectivore,Forests,,Worldwide,Not Applicable,,Solitary,,Global,False
Woolly Mammoth,,,,Herbivore,Tundra,,Northern Hemisphere,"Extinct (around 4,000 years ago)",,Social groups,,USA,False
Woolly Mammoth,,,,Herbivore,Tundra,,Northern Hemisphere,"Extinct (around 4,000 years ago)",,Social groups,,Canada,False
Woolly Mammoth,,,,Herbivore,Tundra,,Northern Hemisphere,"Extinct (around 4,000 years ago)",,Social groups,,Germany,False
Woolly Mammoth,,,,Herbivore,Tundra,,Northern Hemisphere,"Extinct (around 4,000 years ago)",,Social groups,,Russia,False
Woolly Mammoth,,,,Herbivore,Tundra,,Northern Hemisphere,"Extinct (around 4,000 years ago)",,Social groups,,China,False
Woolly Mammoth,,,,Herbivore,Tundra,,Northern Hemisphere,"Extinct (around 4,000 years ago)",,Social groups,,France,False
Yak,150.0,850.0,22.5,Herbivore,Mountains,24.0,"Himalayas, Central Asia",Least Concern,247.5,Group-based,30.0,,False
Yellow-Eyed Penguin,62.5,2.0,,Carnivore,Coastal Areas,25.0,New Zealand,Endangered,85.0,Solitary,1.0,,True
Yeti Crab,,,,Omnivore,Hydrothermal Vents,,Pacific Ocean,Not Evaluated,,Solitary,,Fiji,False
Yeti Crab,,,,Omnivore,Hydrothermal Vents,,Pacific Ocean,Not Evaluated,,Solitary,,Vanuatu,False
Yeti Crab,,,,Omnivore,Hydrothermal Vents,,Pacific Ocean,Not Evaluated,,Solitary,,Tonga,False
Yeti Crab,,,,Omnivore,Hydrothermal Vents,,Pacific Ocean,Not Evaluated,,Solitary,,Micronesia,False
Yeti Crab,,,,Omnivore,Hydrothermal Vents,,Pacific Ocean,Not Evaluated,,Solitary,,Marshall Islands,False
Zebra,280.0,650.0,22.5,Herbivore,Grasslands,25.0,Africa_full_region,Least Concern,272.5,Group-based,12.5,Africa,False
Zebra Shark,,,27.5,Carnivore,Coral Reefs,20.0,Indo-Pacific region,Endangered,17.5,Solitary,,Indonesia,True
Zebra Shark,,,27.5,Carnivore,Coral Reefs,20.0,Indo-Pacific region,Endangered,17.5,Solitary,,Philippines,True
Zebra Shark,,,27.5,Carnivore,Coral Reefs,20.0,Indo-Pacific region,Endangered,17.5,Solitary,,Australia,True
Zebra Shark,,,27.5,Carnivore,Coral Reefs,20.0,Indo-Pacific region,Endangered,17.5,Solitary,,Malaysia,True
